ts,Source Port,Destination Port,flow_duration,Header_Length,Protocol Type,Duration,Rate,Srate,Drate,fin_flag_number,syn_flag_number,rst_flag_number,psh_flag_number,ack_flag_number,urg_flag_number,ece_flag_number,cwr_flag_number,ack_count,syn_count,fin_count,urg_count,rst_count,max_duration,min_duration,sum_duration,average_duration,std_duration,CoAP,HTTP,HTTPS,DNS,Telnet,SMTP,SSH,IRC,TCP,UDP,DHCP,ARP,ICMP,IGMP,IPv,LLC,Tot sum,Min,Max,AVG,Std,Tot size,IAT,Number,MAC,Magnitue,Radius,Covariance,Variance,Weight,DS status,Fragments,Sequence number,Protocol Version,flow_idle_time,flow_active_time
1723818585.309967,0.0,0.0,0.0,0.0,6.0,64.0,0.0,0.0,0.0,0.0,0.0,0.0,0.0,0.0,0.0,0.0,0.0,0.0,0.0,0.0,0.0,0.0,0.0,0.0,0.0,0.0,0.0,0.0,0.0,0.0,0.0,0.0,0.0,0.0,0.0,0.0,0.0,0.0,0.0,0.0,0.0,1.0,1.0,8327.0,1514.0,1514.0,1514.0,0.0,1514.0,172381858.5309987,5.5,546328.0,55.02726596879042,0.0,0.0,0.0,38.5,0.0,0.0,0.0,0.0,0.0,0.0
1723818585.3100312,2220.5,2220.4,0.0,156.8,6.0,64.0,0.0,0.0,0.0,0.0,0.1,0.1,0.0,0.1,0.0,0.0,0.0,0.0,0.1,0.1,0.0,0.1,517145575.5930165,517145575.5930165,517145575.5930165,517145575.5930165,0.0,0.0,0.2,0.0,0.0,0.0,0.0,0.0,0.0,0.2,0.0,0.0,0.0,0.0,0.0,1.0,1.0,22480.2,938.8,1514.0,1461.1308152734778,162.78926143187573,1230.8,172381858.53101477,13.5,546328.0,54.02905801706783,231.59989755019924,68055.16220929303,0.4,244.6,0.0,0.0,0.0,0.0,344763717.0620097,0.0
1723818585.3100955,0.0,0.0,0.0,0.0,6.0,64.0,0.0,0.0,0.0,0.0,0.0,0.0,0.0,0.0,0.0,0.0,0.0,0.0,0.0,0.0,0.0,0.0,1723818585.310067,1723818585.310067,1723818585.310067,1723818585.310067,0.0,0.0,0.0,0.0,0.0,0.0,0.0,0.0,0.0,0.0,0.0,0.0,0.0,0.0,0.0,1.0,1.0,8327.0,1514.0,1514.0,1514.0,0.0,1514.0,5.817413330078125e-06,5.5,546328.0,55.02726596879042,0.0,0.0,0.0,38.5,0.0,0.0,0.0,0.0,0.0,0.0
1723818585.3101673,0.0,0.0,0.0,0.0,6.0,64.0,0.0,0.0,0.0,0.0,0.0,0.0,0.0,0.0,0.0,0.0,0.0,0.0,0.0,0.0,0.0,0.0,1723818585.310067,1723818585.310067,1723818585.310067,1723818585.310067,0.0,0.0,0.0,0.0,0.0,0.0,0.0,0.0,0.0,0.0,0.0,0.0,0.0,0.0,0.0,1.0,1.0,23467.0,1514.0,1514.0,1514.0,0.0,1514.0,172381858.53102776,13.5,546328.0,55.02726596879042,0.0,0.0,0.0,244.6,0.0,0.0,0.0,0.0,0.0,0.0
1723818585.3102207,2220.6,2220.5,1.461505889892578e-05,308.2,6.0,64.0,6842.25774877651,6842.25774877651,0.0,0.0,0.1,0.1,0.0,0.1,0.0,0.0,0.0,0.0,0.2,0.1,0.0,0.1,1723818585.3101432,1723818585.3100846,2413346019.4341702,1723818585.310114,2.9230156691558003e-05,0.0,0.2,0.0,0.0,0.0,0.0,0.0,0.0,0.2,0.0,0.0,0.0,0.0,0.0,1.0,1.0,7322.6,784.0,1514.0,1390.7728571428572,269.3647492094254,1230.8,4.315376281738282e-06,5.5,546328.0,52.68394780651355,380.9392815571968,145839.0821564626,0.5,38.5,0.0,0.0,0.0,0.0,172381858.53103912,1.461505889892578e-05
1723818585.310295,0.0,0.0,0.0,0.0,6.0,64.0,13684.51549755302,13684.51549755302,0.0,0.0,0.0,0.0,0.0,0.0,0.0,0.0,0.0,0.0,0.0,0.0,0.0,0.0,1723818585.310245,1723818585.310245,1723818585.310245,1723818585.310245,0.0,0.0,0.0,0.0,0.0,0.0,0.0,0.0,0.0,0.0,0.0,0.0,0.0,0.0,0.0,1.0,1.0,20635.0,54.0,1514.0,1324.603938620719,479.3156229029725,1514.0,172381858.5310411,13.5,546328.0,51.451267751599325,679.235770791233,232073.22959909355,1.0,244.6,0.0,0.0,0.0,0.0,0.0,0.0
1723818585.310348,0.0,0.0,0.0,0.0,6.0,64.0,13684.51549755302,13684.51549755302,0.0,0.0,0.0,0.0,0.0,0.0,0.0,0.0,0.0,0.0,0.0,0.0,0.0,0.0,1723818585.310245,1723818585.310245,1723818585.310245,1723818585.310245,0.0,0.0,0.0,0.0,0.0,0.0,0.0,0.0,0.0,0.0,0.0,0.0,0.0,0.0,0.0,1.0,1.0,8327.0,1514.0,1514.0,1514.0,0.0,1514.0,3.409385681152344e-06,5.5,546328.0,55.02726596879042,0.0,0.0,0.0,38.5,0.0,0.0,0.0,0.0,0.0,0.0
1723818585.3104076,8.0,2212.6,1.5687942504882812e-05,156.8,6.0,64.0,13216.579937226355,13216.579937226355,0.0,0.0,0.0,0.1,0.0,0.1,0.0,0.0,0.0,0.0,0.1,0.1,0.0,0.1,1723818585.3103232,1723818585.310245,2585727877.965446,1723818585.310284,3.921985626220703e-05,0.0,0.1,0.0,0.0,0.0,0.0,0.0,0.0,0.1,0.0,0.0,0.0,0.0,0.0,1.0,1.0,22599.8,784.0,1514.0,1466.3314430684554,178.24100737566033,1230.8,172381858.5310492,13.5,546328.0,54.26815676554365,238.06810370993983,56732.36332098206,0.5,244.6,0.0,0.0,0.0,0.0,1.5687942504882812e-05,1.5687942504882812e-05
1723818585.3104775,2212.7,8.0,0.0,151.4,6.0,64.0,12748.644376899696,12748.644376899696,0.0,0.0,0.1,0.0,0.0,0.0,0.0,0.0,0.0,0.0,0.1,0.0,0.0,0.0,1723818585.310454,1723818585.310454,1723818585.310454,1723818585.310454,0.0,0.0,0.1,0.0,0.0,0.0,0.0,0.0,0.0,0.1,0.0,0.0,0.0,0.0,0.0,1.0,1.0,8327.0,1514.0,1514.0,1514.0,0.0,1514.0,9.107589721679688e-06,5.5,546328.0,55.02726596879042,0.0,0.0,0.0,38.5,0.0,0.0,0.0,0.0,172381858.53104538,0.0
1723818585.310545,0.0,0.0,0.0,0.0,6.0,64.0,12748.644376899696,12748.644376899696,0.0,0.0,0.0,0.0,0.0,0.0,0.0,0.0,0.0,0.0,0.0,0.0,0.0,0.0,1723818585.310454,1723818585.310454,1723818585.310454,1723818585.310454,0.0,0.0,0.0,0.0,0.0,0.0,0.0,0.0,0.0,0.0,0.0,0.0,0.0,0.0,0.0,1.0,1.0,23467.0,1514.0,1514.0,1514.0,0.0,1514.0,172381858.53105968,13.5,546328.0,55.02726596879042,0.0,0.0,0.0,244.6,0.0,0.0,0.0,0.0,0.0,0.0
1723818585.310606,8.0,2212.7,1.4400482177734376e-05,156.8,6.0,64.0,13318.534108979647,13318.534108979647,0.0,0.0,0.0,0.1,0.0,0.1,0.0,0.0,0.0,0.0,0.1,0.1,0.0,0.1,1723818585.310526,1723818585.310454,2585727877.9657526,1723818585.3104897,3.600120544433594e-05,0.0,0.1,0.0,0.0,0.0,0.0,0.0,0.0,0.1,0.0,0.0,0.0,0.0,0.0,1.0,1.0,7597.0,784.0,1514.0,1419.7373015873015,243.46867972875225,1368.0,6.890296936035156e-06,5.5,546328.0,53.25512930135,344.31670888547285,119258.39455152434,0.5,38.5,0.0,0.0,0.0,0.0,1.4400482177734376e-05,1.4400482177734376e-05
1723818585.3106754,2212.8,8.0,0.0,151.4,6.0,64.0,13888.423841059604,13888.423841059604,0.0,0.0,0.1,0.0,0.0,0.0,0.0,0.0,0.0,0.0,0.1,0.0,0.0,0.0,1723818585.310658,1723818585.310658,1723818585.310658,1723818585.310658,0.0,0.0,0.1,0.0,0.0,0.0,0.0,0.0,0.0,0.1,0.0,0.0,0.0,0.0,0.0,1.0,1.0,22007.0,54.0,1514.0,1416.3593751363874,362.8065792164402,1514.0,172381858.5310775,13.5,546328.0,53.21494557822624,514.1910257822996,133169.0212581276,1.0,244.6,0.0,0.0,0.0,0.0,172381858.5310658,0.0
1723818585.3107443,0.0,0.0,0.0,0.0,6.0,64.0,13888.423841059604,13888.423841059604,0.0,0.0,0.0,0.0,0.0,0.0,0.0,0.0,0.0,0.0,0.0,0.0,0.0,0.0,1723818585.310658,1723818585.310658,1723818585.310658,1723818585.310658,0.0,0.0,0.0,0.0,0.0,0.0,0.0,0.0,0.0,0.0,0.0,0.0,0.0,0.0,0.0,1.0,1.0,8327.0,1514.0,1514.0,1514.0,0.0,1514.0,7.414817810058594e-06,5.5,546328.0,55.02726596879042,0.0,0.0,0.0,38.5,0.0,0.0,0.0,0.0,0.0,0.0
1723818585.3108058,8.0,2212.8,1.399517059326172e-05,156.8,6.0,64.0,14089.533896679715,14089.533896679715,0.0,0.0,0.0,0.1,0.0,0.1,0.0,0.0,0.0,0.0,0.1,0.1,0.0,0.1,1723818585.310728,1723818585.310658,2585727877.966057,1723818585.310693,3.4987977253683706e-05,0.0,0.1,0.0,0.0,0.0,0.0,0.0,0.0,0.1,0.0,0.0,0.0,0.0,0.0,1.0,1.0,22737.0,784.0,1514.0,1473.191443068455,167.55818857803,1368.0,172381858.53108668,13.5,546328.0,54.26815676554365,238.06810370993983,56732.36332098206,0.5,244.6,0.0,0.0,0.0,0.0,1.399517059326172e-05,1.399517059326172e-05
1723818585.3108735,2212.9,8.0,0.0,151.4,6.0,64.0,14290.64395229983,14290.64395229983,0.0,0.0,0.1,0.0,0.0,0.0,0.0,0.0,0.0,0.0,0.1,0.0,0.0,0.0,1723818585.3108609,1723818585.3108468,1896200443.8419263,1723818585.310854,6.9975954507367416e-06,0.0,0.1,0.0,0.0,0.0,0.0,0.0,0.0,0.1,0.0,0.0,0.0,0.0,0.0,1.0,1.0,6955.0,142.0,1376.8,1112.1455555555556,476.3598981492984,1376.8,7.104873657226563e-06,5.5,546328.0,46.022197633944586,673.674628533404,259618.499691358,0.9,38.5,0.0,0.0,0.0,0.0,172381858.5310868,0.0
1723818585.310944,0.0,0.0,0.0,0.0,6.0,64.0,14290.64395229983,14290.64395229983,0.0,0.0,0.0,0.0,0.0,0.0,0.0,0.0,0.0,0.0,0.0,0.0,0.0,0.0,1723818585.310868,1723818585.310868,1723818585.310868,1723818585.310868,0.0,0.0,0.0,0.0,0.0,0.0,0.0,0.0,0.0,0.0,0.0,0.0,0.0,0.0,0.0,1.0,1.0,22095.0,142.0,1514.0,1422.2445634843311,340.9387854006547,1514.0,172381858.5311035,13.5,546328.0,53.3259937268749,483.1986899817226,117599.56601236598,1.0,244.6,0.0,0.0,0.0,0.0,0.0,0.0
1723818585.3110137,8.0,2212.9,1.4090538024902344e-05,156.8,6.0,64.0,14242.283059060235,14242.283059060235,0.0,0.0,0.0,0.1,0.0,0.1,0.0,0.0,0.0,0.0,0.1,0.1,0.0,0.1,1723818585.3109384,1723818585.310868,2585727877.9663725,1723818585.310903,3.52263954891612e-05,0.0,0.1,0.0,0.0,0.0,0.0,0.0,0.0,0.1,0.0,0.0,0.0,0.0,0.0,1.0,1.0,7597.0,784.0,1514.0,1419.7373015873015,243.46867972875225,1368.0,7.295608520507813e-06,5.5,546328.0,53.25512930135,344.31670888547285,119258.39455152434,0.5,38.5,0.0,0.0,0.0,0.0,1.4090538024902344e-05,1.4090538024902344e-05
1723818585.3110783,2213.0,8.0,0.0,151.4,6.0,64.0,14193.922165820642,14193.922165820642,0.0,0.0,0.1,0.0,0.0,0.0,0.0,0.0,0.0,0.0,0.1,0.0,0.0,0.0,1723818585.311056,1723818585.311028,2068582302.37323,1723818585.311042,1.409055819566448e-05,0.0,0.1,0.0,0.0,0.0,0.0,0.0,0.0,0.1,0.0,0.0,0.0,0.0,0.0,1.0,1.0,20772.2,54.0,1514.0,1337.076665893446,466.6410989088778,1376.8,172381858.5311197,13.5,546328.0,51.69418618625074,661.3112870621611,219827.2791858704,1.0,244.6,0.0,0.0,0.0,0.0,172381858.5311068,0.0
1723818585.311158,0.0,0.0,0.0,0.0,6.0,64.0,14193.922165820642,14193.922165820642,0.0,0.0,0.0,0.0,0.0,0.0,0.0,0.0,0.0,0.0,0.0,0.0,0.0,0.0,1723818585.311068,1723818585.311068,1723818585.311068,1723818585.311068,0.0,0.0,0.0,0.0,0.0,0.0,0.0,0.0,0.0,0.0,0.0,0.0,0.0,0.0,0.0,1.0,1.0,8327.0,1514.0,1514.0,1514.0,0.0,1514.0,4.291534423828125e-06,5.5,546328.0,55.02726596879042,0.0,0.0,0.0,38.5,0.0,0.0,0.0,0.0,0.0,0.0
1723818585.3112175,8.0,2213.0,1.559257507324219e-05,156.8,6.0,64.0,13783.73083717537,13783.73083717537,0.0,0.0,0.0,0.1,0.0,0.1,0.0,0.0,0.0,0.0,0.1,0.1,0.0,0.1,1723818585.3111148,1723818585.311068,2240964160.904435,1723818585.3110917,2.338886260986328e-05,0.0,0.1,0.0,0.0,0.0,0.0,0.0,0.0,0.1,0.0,0.0,0.0,0.0,0.0,1.0,1.0,23029.0,1076.0,1514.0,1490.9046783625731,97.86427436741673,1368.0,172381858.5311327,13.5,546328.0,54.59491131107804,139.5060250184236,32441.27389624158,0.3,244.6,0.0,0.0,0.0,0.0,1.559257507324219e-05,1.559257507324219e-05
1723818585.3112843,2213.1,8.0,0.0,151.4,6.0,64.0,12826.61773700306,12826.61773700306,0.0,0.0,0.1,0.0,0.0,0.0,0.0,0.0,0.0,0.0,0.1,0.0,0.0,0.0,1723818585.3112645,1723818585.3112175,2240964160.9045854,1723818585.3112411,2.338886260986328e-05,0.0,0.1,0.0,0.0,0.0,0.0,0.0,0.0,0.1,0.0,0.0,0.0,0.0,0.0,1.0,1.0,7229.4,416.4,1514.0,1317.9455555555555,407.7598981492983,1376.8,6.103515625e-06,5.5,546328.0,51.27302288319224,576.6595781546096,212558.89969135803,0.8,38.5,0.0,0.0,0.0,0.0,172381858.5311282,0.0
1723818585.3113472,0.0,0.0,0.0,0.0,6.0,64.0,12826.61773700306,12826.61773700306,0.0,0.0,0.0,0.0,0.0,0.0,0.0,0.0,0.0,0.0,0.0,0.0,0.0,0.0,1723818585.311282,1723818585.311282,1723818585.311282,1723818585.311282,0.0,0.0,0.0,0.0,0.0,0.0,0.0,0.0,0.0,0.0,0.0,0.0,0.0,0.0,0.0,1.0,1.0,22095.0,142.0,1514.0,1422.2445634843311,340.9387854006547,1514.0,172381858.5311447,13.5,546328.0,53.3259937268749,483.1986899817226,117599.56601236598,1.0,244.6,0.0,0.0,0.0,0.0,0.0,0.0
1723818585.3114123,8.0,2213.1,1.41143798828125e-05,156.8,6.0,64.0,13095.283378791635,13095.283378791635,0.0,0.0,0.0,0.1,0.0,0.1,0.0,0.0,0.0,0.0,0.1,0.1,0.0,0.1,1723818585.3113103,1723818585.311282,2068582302.3735664,1723818585.311296,1.41143798828125e-05,0.0,0.1,0.0,0.0,0.0,0.0,0.0,0.0,0.1,0.0,0.0,0.0,0.0,0.0,1.0,1.0,8035.0,1222.0,1514.0,1483.1777777777777,89.68337335699376,1368.0,6.794929504394531e-06,5.5,546328.0,54.45206413929193,126.83144292083044,40237.239506172846,0.2,38.5,0.0,0.0,0.0,0.0,1.41143798828125e-05,1.41143798828125e-05
1723818585.3114738,2213.2,8.0,0.0,151.4,6.0,64.0,14169.945945945949,14169.945945945949,0.0,0.0,0.1,0.0,0.0,0.0,0.0,0.0,0.0,0.0,0.1,0.0,0.0,0.0,1723818585.311459,1723818585.3114026,2413346019.4359717,1723818585.3114307,2.8228759765625e-05,0.0,0.1,0.0,0.0,0.0,0.0,0.0,0.0,0.1,0.0,0.0,0.0,0.0,0.0,1.0,1.0,21046.6,54.0,1514.0,1359.0638453806257,441.97753254957087,1376.8,172381858.5311549,13.5,546328.0,52.11871923540832,626.4317370203404,197234.58405109067,1.0,244.6,0.0,0.0,0.0,0.0,172381858.53114828,0.0
1723818585.3115413,0.0,0.0,0.0,0.0,6.0,64.0,14169.945945945949,14169.945945945949,0.0,0.0,0.0,0.0,0.0,0.0,0.0,0.0,0.0,0.0,0.0,0.0,0.0,0.0,1723818585.311483,1723818585.311483,1723818585.311483,1723818585.311483,0.0,0.0,0.0,0.0,0.0,0.0,0.0,0.0,0.0,0.0,0.0,0.0,0.0,0.0,0.0,1.0,1.0,8327.0,1514.0,1514.0,1514.0,0.0,1514.0,5.698204040527343e-06,5.5,546328.0,55.02726596879042,0.0,0.0,0.0,38.5,0.0,0.0,0.0,0.0,0.0,0.0
1723818585.3116317,8.0,2213.2,1.749992370605469e-05,156.8,6.0,64.0,13895.81347669195,13895.81347669195,0.0,0.0,0.0,0.1,0.0,0.1,0.0,0.0,0.0,0.0,0.1,0.1,0.0,0.1,1723818585.3115003,1723818585.311483,1896200443.8426487,1723818585.3114915,8.749961853027344e-06,0.0,0.1,0.0,0.0,0.0,0.0,0.0,0.0,0.1,0.0,0.0,0.0,0.0,0.0,1.0,1.0,23321.0,1368.0,1514.0,1506.7,31.819962287846916,1368.0,172381858.5311737,13.5,546328.0,55.02726596879042,0.0,0.0,0.0,244.6,0.0,0.0,0.0,0.0,1.749992370605469e-05,1.749992370605469e-05
1723818585.3117115,2213.3,8.0,0.0,151.4,6.0,64.0,11428.621253405992,11428.621253405992,0.0,0.0,0.1,0.0,0.0,0.0,0.0,0.0,0.0,0.0,0.1,0.0,0.0,0.0,1723818585.3116927,1723818585.3116057,2585727877.967435,1723818585.311649,4.374980926513672e-05,0.0,0.1,0.0,0.0,0.0,0.0,0.0,0.0,0.1,0.0,0.0,0.0,0.0,0.0,1.0,1.0,7503.8,690.8,1514.0,1397.9788888888888,283.67385519715623,1376.8,7.200241088867187e-06,5.5,546328.0,52.8419540884427,401.1754133104799,135433.44413580248,0.6,38.5,0.0,0.0,0.0,0.0,172381858.5311728,0.0
1723818585.3117702,0.0,0.0,0.0,0.0,6.0,64.0,11428.621253405992,11428.621253405992,0.0,0.0,0.0,0.0,0.0,0.0,0.0,0.0,0.0,0.0,0.0,0.0,0.0,0.0,1723818585.311728,1723818585.311728,1723818585.311728,1723818585.311728,0.0,0.0,0.0,0.0,0.0,0.0,0.0,0.0,0.0,0.0,0.0,0.0,0.0,0.0,0.0,1.0,1.0,22095.0,142.0,1514.0,1422.2445634843311,340.9387854006547,1514.0,172381858.53118572,13.5,546328.0,53.3259937268749,483.1986899817226,117599.56601236598,1.0,244.6,0.0,0.0,0.0,0.0,0.0,0.0
1723818585.311831,0.0,0.0,0.0,0.0,6.0,64.0,11428.621253405992,11428.621253405992,0.0,0.0,0.0,0.0,0.0,0.0,0.0,0.0,0.0,0.0,0.0,0.0,0.0,0.0,1723818585.311728,1723818585.311728,1723818585.311728,1723818585.311728,0.0,0.0,0.0,0.0,0.0,0.0,0.0,0.0,0.0,0.0,0.0,0.0,0.0,0.0,0.0,1.0,1.0,8327.0,1514.0,1514.0,1514.0,0.0,1514.0,7.605552673339843e-06,5.5,546328.0,55.02726596879042,0.0,0.0,0.0,38.5,0.0,0.0,0.0,0.0,0.0,0.0
1723818585.3118873,2221.4,2221.3,1.5091896057128906e-05,308.2,6.0,64.0,12340.38329652922,12340.38329652922,0.0,0.0,0.1,0.1,0.0,0.1,0.0,0.0,0.0,0.0,0.2,0.1,0.0,0.1,1723818585.3118088,1723818585.3117936,1896200443.8429816,1723818585.3118012,7.545957444774183e-06,0.0,0.2,0.0,0.0,0.0,0.0,0.0,0.0,0.2,0.0,0.0,0.0,0.0,0.0,1.0,1.0,21913.8,646.8,1514.0,1425.6959133126934,257.2332531571748,1230.8,172381858.5311984,13.5,546328.0,53.36571092907485,365.1638715327696,112137.2772250562,0.6,244.6,0.0,0.0,0.0,0.0,172381858.53120428,1.5091896057128906e-05
1723818585.3119493,0.0,0.0,0.0,0.0,6.0,64.0,13252.145339652448,13252.145339652448,0.0,0.0,0.0,0.0,0.0,0.0,0.0,0.0,0.0,0.0,0.0,0.0,0.0,0.0,1723818585.311892,1723818585.311892,1723818585.311892,1723818585.311892,0.0,0.0,0.0,0.0,0.0,0.0,0.0,0.0,0.0,0.0,0.0,0.0,0.0,0.0,0.0,1.0,1.0,8327.0,1514.0,1514.0,1514.0,0.0,1514.0,6.103515625e-06,5.5,546328.0,55.02726596879042,0.0,0.0,0.0,38.5,0.0,0.0,0.0,0.0,0.0,0.0
1723818585.312014,0.0,0.0,0.0,0.0,6.0,64.0,13252.145339652448,13252.145339652448,0.0,0.0,0.0,0.0,0.0,0.0,0.0,0.0,0.0,0.0,0.0,0.0,0.0,0.0,1723818585.311892,1723818585.311892,1723818585.311892,1723818585.311892,0.0,0.0,0.0,0.0,0.0,0.0,0.0,0.0,0.0,0.0,0.0,0.0,0.0,0.0,0.0,1.0,1.0,23467.0,1514.0,1514.0,1514.0,0.0,1514.0,172381858.5312102,13.5,546328.0,55.02726596879042,0.0,0.0,0.0,244.6,0.0,0.0,0.0,0.0,0.0,0.0
1723818585.3120785,2221.5,2221.4,1.609325408935547e-05,308.2,6.0,64.0,12592.482993856416,12592.482993856416,0.0,0.0,0.1,0.1,0.0,0.1,0.0,0.0,0.0,0.0,0.2,0.1,0.0,0.1,1723818585.31203,1723818585.3119495,2585727877.9679766,1723818585.31199,4.023317937495317e-05,0.0,0.2,0.0,0.0,0.0,0.0,0.0,0.0,0.2,0.0,0.0,0.0,0.0,0.0,1.0,1.0,6610.2,346.0,1514.0,1239.656190476191,485.8009798575874,1230.8,6.699562072753907e-06,5.5,546328.0,49.70307130565891,687.0263343287389,296483.4960453515,0.8,38.5,0.0,0.0,0.0,0.0,172381858.5312245,1.609325408935547e-05
1723818585.3121529,0.0,0.0,0.0,0.0,6.0,64.0,12427.567407407409,12427.567407407409,0.0,0.0,0.0,0.0,0.0,0.0,0.0,0.0,0.0,0.0,0.0,0.0,0.0,0.0,1723818585.3120835,1723818585.3120835,1723818585.3120835,1723818585.3120835,0.0,0.0,0.0,0.0,0.0,0.0,0.0,0.0,0.0,0.0,0.0,0.0,0.0,0.0,0.0,1.0,1.0,20635.0,54.0,1514.0,1324.603938620719,479.3156229029725,1514.0,172381858.53122437,13.5,546328.0,51.451267751599325,679.235770791233,232073.22959909355,1.0,244.6,0.0,0.0,0.0,0.0,0.0,0.0
1723818585.31222,0.0,0.0,0.0,0.0,6.0,64.0,12427.567407407409,12427.567407407409,0.0,0.0,0.0,0.0,0.0,0.0,0.0,0.0,0.0,0.0,0.0,0.0,0.0,0.0,1723818585.3120835,1723818585.3120835,1723818585.3120835,1723818585.3120835,0.0,0.0,0.0,0.0,0.0,0.0,0.0,0.0,0.0,0.0,0.0,0.0,0.0,0.0,0.0,1.0,1.0,8327.0,1514.0,1514.0,1514.0,0.0,1514.0,7.009506225585937e-06,5.5,546328.0,55.02726596879042,0.0,0.0,0.0,38.5,0.0,0.0,0.0,0.0,0.0,0.0
1723818585.312281,2221.6,2221.5,1.7213821411132813e-05,308.2,6.0,64.0,11780.369991176773,11780.369991176773,0.0,0.0,0.1,0.1,0.0,0.1,0.0,0.0,0.0,0.0,0.2,0.1,0.0,0.1,1723818585.312233,1723818585.31213,2758109736.499484,1723818585.3121817,5.164146423339844e-05,0.0,0.2,0.0,0.0,0.0,0.0,0.0,0.0,0.2,0.0,0.0,0.0,0.0,0.0,1.0,1.0,21887.4,346.0,1514.0,1420.0954942219803,313.1248961130124,1230.8,172381858.53123802,13.5,546328.0,53.27023283934001,444.2065910242297,124461.82197581684,0.8,244.6,0.0,0.0,0.0,0.0,172381858.53124863,1.7213821411132813e-05
1723818585.312344,0.0,0.0,0.0,0.0,6.0,64.0,11618.570637119115,11618.570637119115,0.0,0.0,0.0,0.0,0.0,0.0,0.0,0.0,0.0,0.0,0.0,0.0,0.0,0.0,1723818585.3123138,1723818585.3123138,1723818585.3123138,1723818585.3123138,0.0,0.0,0.0,0.0,0.0,0.0,0.0,0.0,0.0,0.0,0.0,0.0,0.0,0.0,0.0,1.0,1.0,8327.0,1514.0,1514.0,1514.0,0.0,1514.0,5.698204040527343e-06,5.5,546328.0,55.02726596879042,0.0,0.0,0.0,38.5,0.0,0.0,0.0,0.0,0.0,0.0
1723818585.312408,0.0,0.0,0.0,0.0,6.0,64.0,11618.570637119115,11618.570637119115,0.0,0.0,0.0,0.0,0.0,0.0,0.0,0.0,0.0,0.0,0.0,0.0,0.0,0.0,1723818585.3123138,1723818585.3123138,1723818585.3123138,1723818585.3123138,0.0,0.0,0.0,0.0,0.0,0.0,0.0,0.0,0.0,0.0,0.0,0.0,0.0,0.0,0.0,1.0,1.0,23467.0,1514.0,1514.0,1514.0,0.0,1514.0,172381858.5312487,13.5,546328.0,55.02726596879042,0.0,0.0,0.0,244.6,0.0,0.0,0.0,0.0,0.0,0.0
1723818585.3124714,2221.7,2221.6,1.5187263488769532e-05,308.2,6.0,64.0,12238.71412481464,12238.71412481464,0.0,0.0,0.1,0.1,0.0,0.1,0.0,0.0,0.0,0.0,0.2,0.1,0.0,0.1,1723818585.312378,1723818585.3123326,2240964160.906072,1723818585.3123555,2.278092330439828e-05,0.0,0.2,0.0,0.0,0.0,0.0,0.0,0.0,0.2,0.0,0.0,0.0,0.0,0.0,1.0,1.0,7468.6,930.0,1514.0,1415.1061904761905,214.95376175693045,1230.8,7.104873657226563e-06,5.5,546328.0,53.14551051661671,303.9905251597662,116233.52660090703,0.4,38.5,0.0,0.0,0.0,0.0,172381858.5312652,1.5187263488769532e-05
1723818585.312528,0.0,0.0,0.0,0.0,6.0,64.0,13168.92935635793,13168.92935635793,0.0,0.0,0.0,0.0,0.0,0.0,0.0,0.0,0.0,0.0,0.0,0.0,0.0,0.0,1723818585.3125,1723818585.3125,1723818585.3125,1723818585.3125,0.0,0.0,0.0,0.0,0.0,0.0,0.0,0.0,0.0,0.0,0.0,0.0,0.0,0.0,0.0,1.0,1.0,20635.0,54.0,1514.0,1324.603938620719,479.3156229029725,1514.0,172381858.53126112,13.5,546328.0,51.451267751599325,679.235770791233,232073.22959909355,1.0,244.6,0.0,0.0,0.0,0.0,0.0,0.0
1723818585.3125882,0.0,0.0,0.0,0.0,6.0,64.0,13168.92935635793,13168.92935635793,0.0,0.0,0.0,0.0,0.0,0.0,0.0,0.0,0.0,0.0,0.0,0.0,0.0,0.0,1723818585.3125,1723818585.3125,1723818585.3125,1723818585.3125,0.0,0.0,0.0,0.0,0.0,0.0,0.0,0.0,0.0,0.0,0.0,0.0,0.0,0.0,0.0,1.0,1.0,8327.0,1514.0,1514.0,1514.0,0.0,1514.0,5.888938903808594e-06,5.5,546328.0,55.02726596879042,0.0,0.0,0.0,38.5,0.0,0.0,0.0,0.0,0.0,0.0
1723818585.3126512,8.0,2213.7,1.4901161193847656e-05,156.8,6.0,64.0,13270.066733814758,13270.066733814758,0.0,0.0,0.0,0.1,0.0,0.1,0.0,0.0,0.0,0.0,0.1,0.1,0.0,0.1,1723818585.3125596,1723818585.3125,2413346019.43756,1723818585.3125298,2.9802360534643552e-05,0.0,0.1,0.0,0.0,0.0,0.0,0.0,0.0,0.1,0.0,0.0,0.0,0.0,0.0,1.0,1.0,22745.8,930.0,1514.0,1475.4564430684554,142.9000343415176,1230.8,172381858.5312745,13.5,546328.0,54.43656053754605,188.08842033759345,44242.51957098207,0.4,244.6,0.0,0.0,0.0,0.0,1.4901161193847656e-05,1.4901161193847656e-05
1723818585.3127143,2213.8,8.0,0.0,151.4,6.0,64.0,13421.7728,13421.7728,0.0,0.0,0.1,0.0,0.0,0.0,0.0,0.0,0.0,0.0,0.1,0.0,0.0,0.0,1723818585.31268,1723818585.31268,1723818585.31268,1723818585.31268,0.0,0.0,0.1,0.0,0.0,0.0,0.0,0.0,0.0,0.1,0.0,0.0,0.0,0.0,0.0,1.0,1.0,8327.0,1514.0,1514.0,1514.0,0.0,1514.0,5.602836608886719e-06,5.5,546328.0,55.02726596879042,0.0,0.0,0.0,38.5,0.0,0.0,0.0,0.0,172381858.531268,0.0
1723818585.3127823,0.0,0.0,0.0,0.0,6.0,64.0,13421.7728,13421.7728,0.0,0.0,0.0,0.0,0.0,0.0,0.0,0.0,0.0,0.0,0.0,0.0,0.0,0.0,1723818585.31268,1723818585.31268,1723818585.31268,1723818585.31268,0.0,0.0,0.0,0.0,0.0,0.0,0.0,0.0,0.0,0.0,0.0,0.0,0.0,0.0,0.0,1.0,1.0,23467.0,1514.0,1514.0,1514.0,0.0,1514.0,172381858.5312881,13.5,546328.0,55.02726596879042,0.0,0.0,0.0,244.6,0.0,0.0,0.0,0.0,0.0,0.0
1723818585.3128705,8.0,2213.8,1.5211105346679689e-05,156.8,6.0,64.0,13285.030600626958,13285.030600626958,0.0,0.0,0.0,0.1,0.0,0.1,0.0,0.0,0.0,0.0,0.1,0.1,0.0,0.1,1723818585.312756,1723818585.31268,2585727877.969096,1723818585.312718,3.802776336669922e-05,0.0,0.1,0.0,0.0,0.0,0.0,0.0,0.0,0.1,0.0,0.0,0.0,0.0,0.0,1.0,1.0,7597.0,784.0,1514.0,1419.7373015873015,243.46867972875225,1368.0,1.1777877807617187e-05,5.5,546328.0,53.25512930135,344.31670888547285,119258.39455152434,0.5,38.5,0.0,0.0,0.0,0.0,1.5211105346679689e-05,1.5211105346679689e-05
1723818585.3129437,2213.9,8.0,0.0,151.4,6.0,64.0,13148.288401253918,13148.288401253918,0.0,0.0,0.1,0.0,0.0,0.0,0.0,0.0,0.0,0.0,0.1,0.0,0.0,0.0,1723818585.3129292,1723818585.312914,1896200443.8441968,1723818585.3129215,7.605552673339843e-06,0.0,0.1,0.0,0.0,0.0,0.0,0.0,0.0,0.1,0.0,0.0,0.0,0.0,0.0,1.0,1.0,20635.0,54.0,1514.0,1324.603938620719,479.3156229029725,1376.8,172381858.53129533,13.5,546328.0,51.451267751599325,679.235770791233,232073.22959909355,1.0,244.6,0.0,0.0,0.0,0.0,172381858.531294,0.0
1723818585.3129945,0.0,0.0,0.0,0.0,6.0,64.0,13148.288401253918,13148.288401253918,0.0,0.0,0.0,0.0,0.0,0.0,0.0,0.0,0.0,0.0,0.0,0.0,0.0,0.0,1723818585.31294,1723818585.31294,1723818585.31294,1723818585.31294,0.0,0.0,0.0,0.0,0.0,0.0,0.0,0.0,0.0,0.0,0.0,0.0,0.0,0.0,0.0,1.0,1.0,8327.0,1514.0,1514.0,1514.0,0.0,1514.0,1.0704994201660156e-05,5.5,546328.0,55.02726596879042,0.0,0.0,0.0,38.5,0.0,0.0,0.0,0.0,0.0,0.0
1723818585.3130617,8.0,2213.9,1.3422966003417968e-05,156.8,6.0,64.0,13323.443220098332,13323.443220098332,0.0,0.0,0.0,0.1,0.0,0.1,0.0,0.0,0.0,0.0,0.1,0.1,0.0,0.1,1723818585.3129532,1723818585.31294,1896200443.8442476,1723818585.3129468,6.711493588671287e-06,0.0,0.1,0.0,0.0,0.0,0.0,0.0,0.0,0.1,0.0,0.0,0.0,0.0,0.0,1.0,1.0,23321.0,1368.0,1514.0,1506.7,31.819962287846916,1368.0,172381858.5313085,13.5,546328.0,55.02726596879042,0.0,0.0,0.0,244.6,0.0,0.0,0.0,0.0,1.3422966003417968e-05,1.3422966003417968e-05
1723818585.3131242,2214.0,8.0,0.0,151.4,6.0,64.0,14899.836589698043,14899.836589698043,0.0,0.0,0.1,0.0,0.0,0.0,0.0,0.0,0.0,0.0,0.1,0.0,0.0,0.0,1723818585.313106,1723818585.313079,2068582302.3756936,1723818585.3130925,1.3422987177342574e-05,0.0,0.1,0.0,0.0,0.0,0.0,0.0,0.0,0.1,0.0,0.0,0.0,0.0,0.0,1.0,1.0,7092.2,279.2,1514.0,1249.3455555555556,476.3598981492984,1376.8,7.486343383789062e-06,5.5,546328.0,49.839694276188354,673.674628533404,259618.499691358,0.9,38.5,0.0,0.0,0.0,0.0,172381858.5313114,0.0
1723818585.3131783,0.0,0.0,0.0,0.0,6.0,64.0,14899.836589698043,14899.836589698043,0.0,0.0,0.0,0.0,0.0,0.0,0.0,0.0,0.0,0.0,0.0,0.0,0.0,0.0,1723818585.3131137,1723818585.3131137,1723818585.3131137,1723818585.3131137,0.0,0.0,0.0,0.0,0.0,0.0,0.0,0.0,0.0,0.0,0.0,0.0,0.0,0.0,0.0,1.0,1.0,22095.0,142.0,1514.0,1422.2445634843311,340.9387854006547,1514.0,172381858.5313282,13.5,546328.0,53.3259937268749,483.1986899817226,117599.56601236598,1.0,244.6,0.0,0.0,0.0,0.0,0.0,0.0
1723818585.3132348,8.0,2214.0,1.4019012451171874e-05,156.8,6.0,64.0,14836.486944333685,14836.486944333685,0.0,0.0,0.0,0.1,0.0,0.1,0.0,0.0,0.0,0.0,0.1,0.1,0.0,0.1,1723818585.313128,1723818585.3131137,1896200443.8444395,1723818585.313121,7.009506225585937e-06,0.0,0.1,0.0,0.0,0.0,0.0,0.0,0.0,0.1,0.0,0.0,0.0,0.0,0.0,1.0,1.0,8181.0,1368.0,1514.0,1499.4,43.8,1368.0,3.814697265625e-06,5.5,546328.0,54.75521810416018,61.94255403194156,19184.4,0.1,38.5,0.0,0.0,0.0,0.0,1.4019012451171874e-05,1.4019012451171874e-05
1723818585.3133,2214.1,8.0,0.0,151.4,6.0,64.0,14266.34013605442,14266.34013605442,0.0,0.0,0.1,0.0,0.0,0.0,0.0,0.0,0.0,0.0,0.1,0.0,0.0,0.0,1723818585.3132775,1723818585.3132358,2240964160.9072123,1723818585.3132567,2.1028518676757813e-05,0.0,0.1,0.0,0.0,0.0,0.0,0.0,0.0,0.1,0.0,0.0,0.0,0.0,0.0,1.0,1.0,20909.4,54.0,1514.0,1348.5099992267792,454.1915995443563,1376.8,172381858.5313386,13.5,546328.0,51.91549041620808,643.7050362160995,208230.06807475927,1.0,244.6,0.0,0.0,0.0,0.0,172381858.5313288,0.0
1723818585.3133578,0.0,0.0,0.0,0.0,6.0,64.0,14266.34013605442,14266.34013605442,0.0,0.0,0.0,0.0,0.0,0.0,0.0,0.0,0.0,0.0,0.0,0.0,0.0,0.0,1723818585.3132882,1723818585.3132882,1723818585.3132882,1723818585.3132882,0.0,0.0,0.0,0.0,0.0,0.0,0.0,0.0,0.0,0.0,0.0,0.0,0.0,0.0,0.0,1.0,1.0,8327.0,1514.0,1514.0,1514.0,0.0,1514.0,5.984306335449219e-06,5.5,546328.0,55.02726596879042,0.0,0.0,0.0,38.5,0.0,0.0,0.0,0.0,0.0,0.0
1723818585.313418,8.0,2214.1,1.559257507324219e-05,156.8,6.0,64.0,14122.367896149284,14122.367896149284,0.0,0.0,0.0,0.1,0.0,0.1,0.0,0.0,0.0,0.0,0.1,0.1,0.0,0.1,1723818585.3133037,1723818585.3132882,1896200443.8446324,1723818585.3132958,7.796287536621094e-06,0.0,0.1,0.0,0.0,0.0,0.0,0.0,0.0,0.1,0.0,0.0,0.0,0.0,0.0,1.0,1.0,23321.0,1368.0,1514.0,1506.7,31.819962287846916,1368.0,172381858.5313499,13.5,546328.0,55.02726596879042,0.0,0.0,0.0,244.6,0.0,0.0,0.0,0.0,1.559257507324219e-05,1.559257507324219e-05
1723818585.3134956,2214.2,8.0,0.0,151.4,6.0,64.0,12826.61773700306,12826.61773700306,0.0,0.0,0.1,0.0,0.0,0.0,0.0,0.0,0.0,0.0,0.1,0.0,0.0,0.0,1723818585.3134818,1723818585.313419,2413346019.438797,1723818585.3134506,3.118515014648438e-05,0.0,0.1,0.0,0.0,0.0,0.0,0.0,0.0,0.1,0.0,0.0,0.0,0.0,0.0,1.0,1.0,7366.6,553.6,1514.0,1363.6788888888889,343.0831978967687,1376.8,6.508827209472656e-06,5.5,546328.0,52.1786489445888,485.1929114879428,170728.14413580246,0.7,38.5,0.0,0.0,0.0,0.0,172381858.5313507,0.0
1723818585.3135536,0.0,0.0,0.0,0.0,6.0,64.0,12826.61773700306,12826.61773700306,0.0,0.0,0.0,0.0,0.0,0.0,0.0,0.0,0.0,0.0,0.0,0.0,0.0,0.0,1723818585.313507,1723818585.313507,1723818585.313507,1723818585.313507,0.0,0.0,0.0,0.0,0.0,0.0,0.0,0.0,0.0,0.0,0.0,0.0,0.0,0.0,0.0,1.0,1.0,22095.0,142.0,1514.0,1422.2445634843311,340.9387854006547,1514.0,172381858.53136367,13.5,546328.0,53.3259937268749,483.1986899817226,117599.56601236598,1.0,244.6,0.0,0.0,0.0,0.0,0.0,0.0
1723818585.3136115,0.0,0.0,0.0,0.0,6.0,64.0,12826.61773700306,12826.61773700306,0.0,0.0,0.0,0.0,0.0,0.0,0.0,0.0,0.0,0.0,0.0,0.0,0.0,0.0,1723818585.313507,1723818585.313507,1723818585.313507,1723818585.313507,0.0,0.0,0.0,0.0,0.0,0.0,0.0,0.0,0.0,0.0,0.0,0.0,0.0,0.0,0.0,1.0,1.0,8327.0,1514.0,1514.0,1514.0,0.0,1514.0,5.91278076171875e-06,5.5,546328.0,55.02726596879042,0.0,0.0,0.0,38.5,0.0,0.0,0.0,0.0,0.0,0.0
1723818585.3136797,2222.3,2222.2,1.3303756713867189e-05,308.2,6.0,64.0,15033.347670250896,15033.347670250896,0.0,0.0,0.1,0.1,0.0,0.1,0.0,0.0,0.0,0.0,0.2,0.1,0.0,0.1,1723818585.313668,1723818585.3136015,2585727877.970422,1723818585.3136349,3.325939178466797e-05,0.0,0.2,0.0,0.0,0.0,0.0,0.0,0.0,0.2,0.0,0.0,0.0,0.0,0.0,1.0,1.0,21183.8,54.0,1514.0,1368.8638453806257,430.0007026959353,1230.8,172381858.5313762,13.5,546328.0,52.30660679982223,609.4939418070941,186793.38405109063,1.0,244.6,0.0,0.0,0.0,0.0,172381858.5313829,1.3303756713867189e-05
1723818585.3137417,0.0,0.0,0.0,0.0,6.0,64.0,15033.347670250896,15033.347670250896,0.0,0.0,0.0,0.0,0.0,0.0,0.0,0.0,0.0,0.0,0.0,0.0,0.0,0.0,1723818585.313696,1723818585.313696,1723818585.313696,1723818585.313696,0.0,0.0,0.0,0.0,0.0,0.0,0.0,0.0,0.0,0.0,0.0,0.0,0.0,0.0,0.0,1.0,1.0,8327.0,1514.0,1514.0,1514.0,0.0,1514.0,6.079673767089844e-06,5.5,546328.0,55.02726596879042,0.0,0.0,0.0,38.5,0.0,0.0,0.0,0.0,0.0,0.0
1723818585.3138013,8.0,2214.3,1.2612342834472656e-05,156.8,6.0,64.0,15115.761107384596,15115.761107384596,0.0,0.0,0.0,0.1,0.0,0.1,0.0,0.0,0.0,0.0,0.1,0.1,0.0,0.1,1723818585.3137083,1723818585.313696,1896200443.8450785,1723818585.3137023,6.306182684644934e-06,0.0,0.1,0.0,0.0,0.0,0.0,0.0,0.0,0.1,0.0,0.0,0.0,0.0,0.0,1.0,1.0,23321.0,1368.0,1514.0,1506.7,31.819962287846916,1368.0,172381858.5313878,13.5,546328.0,55.02726596879042,0.0,0.0,0.0,244.6,0.0,0.0,0.0,0.0,1.2612342834472656e-05,1.2612342834472656e-05
1723818585.313874,2214.4,8.0,0.0,151.4,6.0,64.0,15857.482041587902,15857.482041587902,0.0,0.0,0.1,0.0,0.0,0.0,0.0,0.0,0.0,0.0,0.1,0.0,0.0,0.0,1723818585.3138504,1723818585.3137748,2758109736.502068,1723818585.3138127,3.7837096107869605e-05,0.0,0.1,0.0,0.0,0.0,0.0,0.0,0.0,0.1,0.0,0.0,0.0,0.0,0.0,1.0,1.0,7641.0,828.0,1514.0,1425.418888888889,228.79385519715623,1376.8,7.200241088867187e-06,5.5,546328.0,53.36552413024136,323.56337300744445,105315.30013580248,0.5,38.5,0.0,0.0,0.0,0.0,172381858.5313893,0.0
1723818585.3139377,0.0,0.0,0.0,0.0,6.0,64.0,15857.482041587902,15857.482041587902,0.0,0.0,0.0,0.0,0.0,0.0,0.0,0.0,0.0,0.0,0.0,0.0,0.0,0.0,1723818585.313893,1723818585.313893,1723818585.313893,1723818585.313893,0.0,0.0,0.0,0.0,0.0,0.0,0.0,0.0,0.0,0.0,0.0,0.0,0.0,0.0,0.0,1.0,1.0,22095.0,142.0,1514.0,1422.2445634843311,340.9387854006547,1514.0,172381858.53140152,13.5,546328.0,53.3259937268749,483.1986899817226,117599.56601236598,1.0,244.6,0.0,0.0,0.0,0.0,0.0,0.0
1723818585.314003,0.0,0.0,0.0,0.0,6.0,64.0,15857.482041587902,15857.482041587902,0.0,0.0,0.0,0.0,0.0,0.0,0.0,0.0,0.0,0.0,0.0,0.0,0.0,0.0,1723818585.313893,1723818585.313893,1723818585.313893,1723818585.313893,0.0,0.0,0.0,0.0,0.0,0.0,0.0,0.0,0.0,0.0,0.0,0.0,0.0,0.0,0.0,1.0,1.0,8327.0,1514.0,1514.0,1514.0,0.0,1514.0,8.20159912109375e-06,5.5,546328.0,55.02726596879042,0.0,0.0,0.0,38.5,0.0,0.0,0.0,0.0,0.0,0.0
1723818585.3140602,2222.5,2222.4,1.5187263488769532e-05,308.2,6.0,64.0,14244.350430449918,14244.350430449918,0.0,0.0,0.1,0.1,0.0,0.1,0.0,0.0,0.0,0.0,0.2,0.1,0.0,0.1,1723818585.313994,1723818585.3139484,2240964160.9081616,1723818585.313971,2.278092330439828e-05,0.0,0.2,0.0,0.0,0.0,0.0,0.0,0.0,0.2,0.0,0.0,0.0,0.0,0.0,1.0,1.0,22042.2,638.0,1514.0,1433.684246646027,247.91370252726824,1230.8,172381858.5314141,13.5,546328.0,53.517950203867,351.984036636733,104223.29830838954,0.6,244.6,0.0,0.0,0.0,0.0,172381858.53142288,1.5187263488769532e-05
1723818585.3141215,0.0,0.0,0.0,0.0,6.0,64.0,13168.92935635793,13168.92935635793,0.0,0.0,0.0,0.0,0.0,0.0,0.0,0.0,0.0,0.0,0.0,0.0,0.0,0.0,1723818585.314077,1723818585.314077,1723818585.314077,1723818585.314077,0.0,0.0,0.0,0.0,0.0,0.0,0.0,0.0,0.0,0.0,0.0,0.0,0.0,0.0,0.0,1.0,1.0,8327.0,1514.0,1514.0,1514.0,0.0,1514.0,5.793571472167969e-06,5.5,546328.0,55.02726596879042,0.0,0.0,0.0,38.5,0.0,0.0,0.0,0.0,0.0,0.0
1723818585.314181,0.0,0.0,0.0,0.0,6.0,64.0,13168.92935635793,13168.92935635793,0.0,0.0,0.0,0.0,0.0,0.0,0.0,0.0,0.0,0.0,0.0,0.0,0.0,0.0,1723818585.314077,1723818585.314077,1723818585.314077,1723818585.314077,0.0,0.0,0.0,0.0,0.0,0.0,0.0,0.0,0.0,0.0,0.0,0.0,0.0,0.0,0.0,1.0,1.0,23467.0,1514.0,1514.0,1514.0,0.0,1514.0,172381858.53142512,13.5,546328.0,55.02726596879042,0.0,0.0,0.0,244.6,0.0,0.0,0.0,0.0,0.0,0.0
1723818585.3142395,2222.6,2222.5,1.5115737915039062e-05,308.2,6.0,64.0,13200.086129283069,13200.086129283069,0.0,0.0,0.1,0.1,0.0,0.1,0.0,0.0,0.0,0.0,0.2,0.1,0.0,0.1,1723818585.31416,1723818585.3141148,2240964160.9083834,1723818585.3141377,2.2673606872558592e-05,0.0,0.2,0.0,0.0,0.0,0.0,0.0,0.0,0.2,0.0,0.0,0.0,0.0,0.0,1.0,1.0,7185.4,784.0,1514.0,1373.6228571428571,282.43384225324854,1230.8,4.792213439941407e-06,5.5,546328.0,52.34015929905421,399.4217701876874,160167.9071564626,0.5,38.5,0.0,0.0,0.0,0.0,172381858.5314418,1.5115737915039062e-05
1723818585.314312,0.0,0.0,0.0,0.0,6.0,64.0,13231.2429022082,13231.2429022082,0.0,0.0,0.0,0.0,0.0,0.0,0.0,0.0,0.0,0.0,0.0,0.0,0.0,0.0,1723818585.314267,1723818585.314267,1723818585.314267,1723818585.314267,0.0,0.0,0.0,0.0,0.0,0.0,0.0,0.0,0.0,0.0,0.0,0.0,0.0,0.0,0.0,1.0,1.0,20635.0,54.0,1514.0,1324.603938620719,479.3156229029725,1514.0,172381858.5314387,13.5,546328.0,51.451267751599325,679.235770791233,232073.22959909355,1.0,244.6,0.0,0.0,0.0,0.0,0.0,0.0
1723818585.3143685,0.0,0.0,0.0,0.0,6.0,64.0,13231.2429022082,13231.2429022082,0.0,0.0,0.0,0.0,0.0,0.0,0.0,0.0,0.0,0.0,0.0,0.0,0.0,0.0,1723818585.314267,1723818585.314267,1723818585.314267,1723818585.314267,0.0,0.0,0.0,0.0,0.0,0.0,0.0,0.0,0.0,0.0,0.0,0.0,0.0,0.0,0.0,1.0,1.0,8327.0,1514.0,1514.0,1514.0,0.0,1514.0,5.698204040527343e-06,5.5,546328.0,55.02726596879042,0.0,0.0,0.0,38.5,0.0,0.0,0.0,0.0,0.0,0.0
1723818585.314431,2222.7,2222.6,1.5616416931152344e-05,308.2,6.0,64.0,13019.139008356007,13019.139008356007,0.0,0.0,0.1,0.1,0.0,0.1,0.0,0.0,0.0,0.0,0.2,0.1,0.0,0.1,1723818585.3143475,1723818585.3142858,2413346019.440055,1723818585.314317,3.123287026206654e-05,0.0,0.2,0.0,0.0,0.0,0.0,0.0,0.0,0.2,0.0,0.0,0.0,0.0,0.0,1.0,1.0,22462.6,784.0,1514.0,1459.1103904368763,189.1190408817797,1230.8,172381858.5314523,13.5,546328.0,53.99530652317462,268.8358287425459,73284.53617416766,0.5,244.6,0.0,0.0,0.0,0.0,172381858.53146103,1.5616416931152344e-05
1723818585.314509,0.0,0.0,0.0,0.0,6.0,64.0,12807.035114503817,12807.035114503817,0.0,0.0,0.0,0.0,0.0,0.0,0.0,0.0,0.0,0.0,0.0,0.0,0.0,0.0,1723818585.3144538,1723818585.3144538,1723818585.3144538,1723818585.3144538,0.0,0.0,0.0,0.0,0.0,0.0,0.0,0.0,0.0,0.0,0.0,0.0,0.0,0.0,0.0,1.0,1.0,8327.0,1514.0,1514.0,1514.0,0.0,1514.0,8.20159912109375e-06,5.5,546328.0,55.02726596879042,0.0,0.0,0.0,38.5,0.0,0.0,0.0,0.0,0.0,0.0
1723818585.3145733,0.0,0.0,0.0,0.0,6.0,64.0,12807.035114503817,12807.035114503817,0.0,0.0,0.0,0.0,0.0,0.0,0.0,0.0,0.0,0.0,0.0,0.0,0.0,0.0,1723818585.3144538,1723818585.3144538,1723818585.3144538,1723818585.3144538,0.0,0.0,0.0,0.0,0.0,0.0,0.0,0.0,0.0,0.0,0.0,0.0,0.0,0.0,0.0,1.0,1.0,23467.0,1514.0,1514.0,1514.0,0.0,1514.0,172381858.5314644,13.5,546328.0,55.02726596879042,0.0,0.0,0.0,244.6,0.0,0.0,0.0,0.0,0.0,0.0
1723818585.3146389,8.0,2214.7,1.7380714416503908e-05,156.8,6.0,64.0,12027.018161027863,12027.018161027863,0.0,0.0,0.0,0.1,0.0,0.1,0.0,0.0,0.0,0.0,0.1,0.1,0.0,0.1,1723818585.3145585,1723818585.3144538,2758109736.5032306,1723818585.314506,5.214219230680945e-05,0.0,0.1,0.0,0.0,0.0,0.0,0.0,0.0,0.1,0.0,0.0,0.0,0.0,0.0,1.0,1.0,7313.8,638.0,1514.0,1376.8173015873017,314.7428502123156,1230.8,6.699562072753907e-06,5.5,546328.0,52.42685821049349,445.1136074302203,166299.2105515243,0.6,38.5,0.0,0.0,0.0,0.0,1.7380714416503908e-05,1.7380714416503908e-05
1723818585.3147016,2214.8,8.0,0.0,151.4,6.0,64.0,11507.006858710562,11507.006858710562,0.0,0.0,0.1,0.0,0.0,0.0,0.0,0.0,0.0,0.0,0.1,0.0,0.0,0.0,1723818585.314682,1723818585.314682,1723818585.314682,1723818585.314682,0.0,0.0,0.1,0.0,0.0,0.0,0.0,0.0,0.0,0.1,0.0,0.0,0.0,0.0,0.0,1.0,1.0,20635.0,54.0,1514.0,1324.603938620719,479.3156229029725,1514.0,172381858.5314788,13.5,546328.0,51.451267751599325,679.235770791233,232073.22959909355,1.0,244.6,0.0,0.0,0.0,0.0,172381858.5314682,0.0
1723818585.3147652,0.0,0.0,0.0,0.0,6.0,64.0,11507.006858710562,11507.006858710562,0.0,0.0,0.0,0.0,0.0,0.0,0.0,0.0,0.0,0.0,0.0,0.0,0.0,0.0,1723818585.314682,1723818585.314682,1723818585.314682,1723818585.314682,0.0,0.0,0.0,0.0,0.0,0.0,0.0,0.0,0.0,0.0,0.0,0.0,0.0,0.0,0.0,1.0,1.0,8327.0,1514.0,1514.0,1514.0,0.0,1514.0,5.817413330078125e-06,5.5,546328.0,55.02726596879042,0.0,0.0,0.0,38.5,0.0,0.0,0.0,0.0,0.0,0.0
1723818585.3148332,8.0,2214.8,1.4805793762207032e-05,156.8,6.0,64.0,12307.494292359992,12307.494292359992,0.0,0.0,0.0,0.1,0.0,0.1,0.0,0.0,0.0,0.0,0.1,0.1,0.0,0.1,1723818585.3147411,1723818585.314682,2413346019.440614,1723818585.3147118,2.961162591707502e-05,0.0,0.1,0.0,0.0,0.0,0.0,0.0,0.0,0.1,0.0,0.0,0.0,0.0,0.0,1.0,1.0,22883.0,930.0,1514.0,1482.316443068455,132.2172155438873,1368.0,172381858.53149408,13.5,546328.0,54.43656053754605,188.08842033759345,44242.51957098207,0.4,244.6,0.0,0.0,0.0,0.0,1.4805793762207032e-05,1.4805793762207032e-05
1723818585.314902,2214.9,8.0,0.0,151.4,6.0,64.0,13508.225442834137,13508.225442834137,0.0,0.0,0.1,0.0,0.0,0.0,0.0,0.0,0.0,0.0,0.1,0.0,0.0,0.0,1723818585.3148632,1723818585.3148484,1896200443.8463311,1723818585.314856,7.402906479268755e-06,0.0,0.1,0.0,0.0,0.0,0.0,0.0,0.0,0.1,0.0,0.0,0.0,0.0,0.0,1.0,1.0,6955.0,142.0,1376.8,1112.1455555555556,476.3598981492984,1376.8,5.602836608886719e-06,5.5,546328.0,46.022197633944586,673.674628533404,259618.499691358,0.9,38.5,0.0,0.0,0.0,0.0,172381858.5314867,0.0
1723818585.314967,0.0,0.0,0.0,0.0,6.0,64.0,13508.225442834137,13508.225442834137,0.0,0.0,0.0,0.0,0.0,0.0,0.0,0.0,0.0,0.0,0.0,0.0,0.0,0.0,1723818585.314867,1723818585.314867,1723818585.314867,1723818585.314867,0.0,0.0,0.0,0.0,0.0,0.0,0.0,0.0,0.0,0.0,0.0,0.0,0.0,0.0,0.0,1.0,1.0,22095.0,142.0,1514.0,1422.2445634843311,340.9387854006547,1514.0,172381858.5315062,13.5,546328.0,53.3259937268749,483.1986899817226,117599.56601236598,1.0,244.6,0.0,0.0,0.0,0.0,0.0,0.0
1723818585.315024,8.0,2214.9,1.4901161193847656e-05,156.8,6.0,64.0,13464.99912141707,13464.99912141707,0.0,0.0,0.0,0.1,0.0,0.1,0.0,0.0,0.0,0.0,0.1,0.1,0.0,0.1,1723818585.3149414,1723818585.314867,2585727877.972375,1723818585.314904,3.725295066830444e-05,0.0,0.1,0.0,0.0,0.0,0.0,0.0,0.0,0.1,0.0,0.0,0.0,0.0,0.0,1.0,1.0,7597.0,784.0,1514.0,1419.7373015873015,243.46867972875225,1368.0,4.1961669921875e-06,5.5,546328.0,53.25512930135,344.31670888547285,119258.39455152434,0.5,38.5,0.0,0.0,0.0,0.0,1.4901161193847656e-05,1.4901161193847656e-05
1723818585.3150856,2215.0,8.0,0.0,151.4,6.0,64.0,13421.7728,13421.7728,0.0,0.0,0.1,0.0,0.0,0.0,0.0,0.0,0.0,0.0,0.1,0.0,0.0,0.0,1723818585.315065,1723818585.3150349,2068582302.3780384,1723818585.3150496,1.4901180267321776e-05,0.0,0.1,0.0,0.0,0.0,0.0,0.0,0.0,0.1,0.0,0.0,0.0,0.0,0.0,1.0,1.0,20772.2,54.0,1514.0,1337.076665893446,466.6410989088778,1376.8,172381858.53151628,13.5,546328.0,51.69418618625074,661.3112870621611,219827.2791858704,1.0,244.6,0.0,0.0,0.0,0.0,172381858.5315077,0.0
1723818585.3151562,0.0,0.0,0.0,0.0,6.0,64.0,13421.7728,13421.7728,0.0,0.0,0.0,0.0,0.0,0.0,0.0,0.0,0.0,0.0,0.0,0.0,0.0,0.0,1723818585.3150773,1723818585.3150773,1723818585.3150773,1723818585.3150773,0.0,0.0,0.0,0.0,0.0,0.0,0.0,0.0,0.0,0.0,0.0,0.0,0.0,0.0,0.0,1.0,1.0,8327.0,1514.0,1514.0,1514.0,0.0,1514.0,8.416175842285156e-06,5.5,546328.0,55.02726596879042,0.0,0.0,0.0,38.5,0.0,0.0,0.0,0.0,0.0,0.0
1723818585.31521,8.0,2215.0,1.5187263488769532e-05,156.8,6.0,64.0,13396.488455635796,13396.488455635796,0.0,0.0,0.0,0.1,0.0,0.1,0.0,0.0,0.0,0.0,0.1,0.1,0.0,0.1,1723818585.315092,1723818585.3150773,1896200443.8466,1723818585.315085,7.593641101466093e-06,0.0,0.1,0.0,0.0,0.0,0.0,0.0,0.0,0.1,0.0,0.0,0.0,0.0,0.0,1.0,1.0,23321.0,1368.0,1514.0,1506.7,31.819962287846916,1368.0,172381858.5315261,13.5,546328.0,55.02726596879042,0.0,0.0,0.0,244.6,0.0,0.0,0.0,0.0,1.5187263488769532e-05,1.5187263488769532e-05
1723818585.3152833,2215.1,8.0,0.0,151.4,6.0,64.0,13168.92935635793,13168.92935635793,0.0,0.0,0.1,0.0,0.0,0.0,0.0,0.0,0.0,0.0,0.1,0.0,0.0,0.0,1723818585.31525,1723818585.315204,2240964160.909773,1723818585.315227,2.278092330439828e-05,0.0,0.1,0.0,0.0,0.0,0.0,0.0,0.0,0.1,0.0,0.0,0.0,0.0,0.0,1.0,1.0,7229.4,416.4,1514.0,1317.9455555555555,407.7598981492983,1376.8,8.416175842285156e-06,5.5,546328.0,51.27302288319224,576.6595781546096,212558.89969135803,0.8,38.5,0.0,0.0,0.0,0.0,172381858.5315259,0.0
1723818585.315352,0.0,0.0,0.0,0.0,6.0,64.0,13168.92935635793,13168.92935635793,0.0,0.0,0.0,0.0,0.0,0.0,0.0,0.0,0.0,0.0,0.0,0.0,0.0,0.0,1723818585.3152587,1723818585.3152587,1723818585.3152587,1723818585.3152587,0.0,0.0,0.0,0.0,0.0,0.0,0.0,0.0,0.0,0.0,0.0,0.0,0.0,0.0,0.0,1.0,1.0,22095.0,142.0,1514.0,1422.2445634843311,340.9387854006547,1514.0,172381858.53154337,13.5,546328.0,53.3259937268749,483.1986899817226,117599.56601236598,1.0,244.6,0.0,0.0,0.0,0.0,0.0,0.0
1723818585.3154054,8.0,2215.1,1.5091896057128906e-05,156.8,6.0,64.0,13193.894151346283,13193.894151346283,0.0,0.0,0.0,0.1,0.0,0.1,0.0,0.0,0.0,0.0,0.1,0.1,0.0,0.1,1723818585.3153045,1723818585.3152587,2240964160.909882,1723818585.3152816,2.2637872334322548e-05,0.0,0.1,0.0,0.0,0.0,0.0,0.0,0.0,0.1,0.0,0.0,0.0,0.0,0.0,1.0,1.0,7889.0,1076.0,1514.0,1464.9277777777777,137.96833478392253,1368.0,6.9141387939453125e-06,5.5,546328.0,54.10976388138916,195.1166902294549,63551.614506172846,0.3,38.5,0.0,0.0,0.0,0.0,1.5091896057128906e-05,1.5091896057128906e-05
1723818585.3154683,2215.2,8.0,0.0,151.4,6.0,64.0,13252.145339652448,13252.145339652448,0.0,0.0,0.1,0.0,0.0,0.0,0.0,0.0,0.0,0.0,0.1,0.0,0.0,0.0,1723818585.315447,1723818585.3153863,2413346019.4415503,1723818585.3154168,3.018382977909673e-05,0.0,0.1,0.0,0.0,0.0,0.0,0.0,0.0,0.1,0.0,0.0,0.0,0.0,0.0,1.0,1.0,21046.6,54.0,1514.0,1359.0638453806257,441.9775325495708,1376.8,172381858.5315554,13.5,546328.0,52.11871923540832,626.4317370203404,197234.58405109067,1.0,244.6,0.0,0.0,0.0,0.0,172381858.5315472,0.0
1723818585.3155358,0.0,0.0,0.0,0.0,6.0,64.0,13252.145339652448,13252.145339652448,0.0,0.0,0.0,0.0,0.0,0.0,0.0,0.0,0.0,0.0,0.0,0.0,0.0,0.0,1723818585.315472,1723818585.315472,1723818585.315472,1723818585.315472,0.0,0.0,0.0,0.0,0.0,0.0,0.0,0.0,0.0,0.0,0.0,0.0,0.0,0.0,0.0,1.0,1.0,8327.0,1514.0,1514.0,1514.0,0.0,1514.0,5.888938903808594e-06,5.5,546328.0,55.02726596879042,0.0,0.0,0.0,38.5,0.0,0.0,0.0,0.0,0.0,0.0
1723818585.315675,8.0,2215.2,2.9301643371582036e-05,156.8,6.0,64.0,12609.486379324308,12609.486379324308,0.0,0.0,0.0,0.1,0.0,0.1,0.0,0.0,0.0,0.0,0.1,0.1,0.0,0.1,1723818585.315501,1723818585.315472,1896200443.8470483,1723818585.3154864,1.465082653563926e-05,0.0,0.1,0.0,0.0,0.0,0.0,0.0,0.0,0.1,0.0,0.0,0.0,0.0,0.0,1.0,1.0,23321.0,1368.0,1514.0,1506.7,31.819962287846916,1368.0,172381858.5315964,13.5,546328.0,55.02726596879042,0.0,0.0,0.0,244.6,0.0,0.0,0.0,0.0,2.9301643371582036e-05,2.9301643371582036e-05
1723818585.3158169,2215.3,8.0,0.0,151.4,6.0,64.0,6825.555736371034,6825.555736371034,0.0,0.0,0.1,0.0,0.0,0.0,0.0,0.0,0.0,0.0,0.1,0.0,0.0,0.0,1723818585.3157928,1723818585.3156464,2585727877.973529,1723818585.3157196,7.32541326781963e-05,0.0,0.1,0.0,0.0,0.0,0.0,0.0,0.0,0.1,0.0,0.0,0.0,0.0,0.0,1.0,1.0,7503.8,690.8,1514.0,1397.9788888888888,283.67385519715623,1376.8,9.41753387451172e-06,5.5,546328.0,52.8419540884427,401.1754133104799,135433.44413580248,0.6,38.5,0.0,0.0,0.0,0.0,172381858.5315821,0.0
1723818585.315873,0.0,0.0,0.0,0.0,6.0,64.0,6825.555736371034,6825.555736371034,0.0,0.0,0.0,0.0,0.0,0.0,0.0,0.0,0.0,0.0,0.0,0.0,0.0,0.0,1723818585.3158212,1723818585.3158212,1723818585.3158212,1723818585.3158212,0.0,0.0,0.0,0.0,0.0,0.0,0.0,0.0,0.0,0.0,0.0,0.0,0.0,0.0,0.0,1.0,1.0,22095.0,142.0,1514.0,1422.2445634843311,340.9387854006547,1514.0,172381858.53159386,13.5,546328.0,53.3259937268749,483.1986899817226,117599.56601236598,1.0,244.6,0.0,0.0,0.0,0.0,0.0,0.0
1723818585.3159325,0.0,0.0,0.0,0.0,6.0,64.0,6825.555736371034,6825.555736371034,0.0,0.0,0.0,0.0,0.0,0.0,0.0,0.0,0.0,0.0,0.0,0.0,0.0,0.0,1723818585.3158212,1723818585.3158212,1723818585.3158212,1723818585.3158212,0.0,0.0,0.0,0.0,0.0,0.0,0.0,0.0,0.0,0.0,0.0,0.0,0.0,0.0,0.0,1.0,1.0,8327.0,1514.0,1514.0,1514.0,0.0,1514.0,5.7220458984375e-06,5.5,546328.0,55.02726596879042,0.0,0.0,0.0,38.5,0.0,0.0,0.0,0.0,0.0,0.0
1723818585.3159947,2223.4,2223.3,1.430511474609375e-05,308.2,6.0,64.0,13265.467573637105,13265.467573637105,0.0,0.0,0.1,0.1,0.0,0.1,0.0,0.0,0.0,0.0,0.2,0.1,0.0,0.1,1723818585.3159626,1723818585.3158908,2585727877.973872,1723818585.3159268,3.5762786865234375e-05,0.0,0.2,0.0,0.0,0.0,0.0,0.0,0.0,0.2,0.0,0.0,0.0,0.0,0.0,1.0,1.0,21467.0,200.0,1514.0,1391.2832393200197,376.2859019538397,1230.8,172381858.5316096,13.5,546328.0,52.72804404947219,533.529742097454,159244.79468102637,0.9,244.6,0.0,0.0,0.0,0.0,172381858.5316139,1.430511474609375e-05
1723818585.316064,0.0,0.0,0.0,0.0,6.0,64.0,13981.013333333332,13981.013333333332,0.0,0.0,0.0,0.0,0.0,0.0,0.0,0.0,0.0,0.0,0.0,0.0,0.0,0.0,1723818585.3159957,1723818585.3159957,1723818585.3159957,1723818585.3159957,0.0,0.0,0.0,0.0,0.0,0.0,0.0,0.0,0.0,0.0,0.0,0.0,0.0,0.0,0.0,1.0,1.0,8327.0,1514.0,1514.0,1514.0,0.0,1514.0,6.008148193359375e-06,5.5,546328.0,55.02726596879042,0.0,0.0,0.0,38.5,0.0,0.0,0.0,0.0,0.0,0.0
1723818585.316136,0.0,0.0,0.0,0.0,6.0,64.0,13981.013333333332,13981.013333333332,0.0,0.0,0.0,0.0,0.0,0.0,0.0,0.0,0.0,0.0,0.0,0.0,0.0,0.0,1723818585.3159957,1723818585.3159957,1723818585.3159957,1723818585.3159957,0.0,0.0,0.0,0.0,0.0,0.0,0.0,0.0,0.0,0.0,0.0,0.0,0.0,0.0,0.0,1.0,1.0,23467.0,1514.0,1514.0,1514.0,0.0,1514.0,172381858.53162128,13.5,546328.0,55.02726596879042,0.0,0.0,0.0,244.6,0.0,0.0,0.0,0.0,0.0,0.0
1723818585.316193,2223.5,2223.4,1.6117095947265624e-05,308.2,6.0,64.0,12409.183431952664,12409.183431952664,0.0,0.0,0.1,0.1,0.0,0.1,0.0,0.0,0.0,0.0,0.2,0.1,0.0,0.1,1723818585.3161747,1723818585.3160615,2930491595.037372,1723818585.3161182,5.6409835815429686e-05,0.0,0.2,0.0,0.0,0.0,0.0,0.0,0.0,0.2,0.0,0.0,0.0,0.0,0.0,1.0,1.0,6318.2,54.0,1368.0,1020.6561904761904,558.8009798575874,1230.8,6.604194641113281e-06,5.5,546328.0,43.696646571086816,790.2639243819748,349773.4960453515,0.9,38.5,0.0,0.0,0.0,0.0,172381858.5316376,1.6117095947265624e-05
1723818585.3162625,0.0,0.0,0.0,0.0,6.0,64.0,12409.183431952664,12409.183431952664,0.0,0.0,0.0,0.0,0.0,0.0,0.0,0.0,0.0,0.0,0.0,0.0,0.0,0.0,1723818585.316215,1723818585.316215,1723818585.316215,1723818585.316215,0.0,0.0,0.0,0.0,0.0,0.0,0.0,0.0,0.0,0.0,0.0,0.0,0.0,0.0,0.0,1.0,1.0,20635.0,54.0,1514.0,1324.603938620719,479.3156229029725,1514.0,172381858.5316355,13.5,546328.0,51.451267751599325,679.235770791233,232073.22959909355,1.0,244.6,0.0,0.0,0.0,0.0,0.0,0.0
1723818585.316321,0.0,0.0,0.0,0.0,6.0,64.0,12409.183431952664,12409.183431952664,0.0,0.0,0.0,0.0,0.0,0.0,0.0,0.0,0.0,0.0,0.0,0.0,0.0,0.0,1723818585.316215,1723818585.316215,1723818585.316215,1723818585.316215,0.0,0.0,0.0,0.0,0.0,0.0,0.0,0.0,0.0,0.0,0.0,0.0,0.0,0.0,0.0,1.0,1.0,8327.0,1514.0,1514.0,1514.0,0.0,1514.0,5.817413330078125e-06,5.5,546328.0,55.02726596879042,0.0,0.0,0.0,38.5,0.0,0.0,0.0,0.0,0.0,0.0
1723818585.3163795,2223.6,2223.5,1.5187263488769532e-05,308.2,6.0,64.0,12865.030986595822,12865.030986595822,0.0,0.0,0.1,0.1,0.0,0.1,0.0,0.0,0.0,0.0,0.2,0.1,0.0,0.1,1723818585.3163123,1723818585.3162518,2413346019.4427986,1723818585.3162825,3.037456440586437e-05,0.0,0.2,0.0,0.0,0.0,0.0,0.0,0.0,0.2,0.0,0.0,0.0,0.0,0.0,1.0,1.0,22179.4,638.0,1514.0,1441.7548348813211,236.6196212659122,1230.8,172381858.53164402,13.5,546328.0,53.67115705538144,336.01179374237944,95188.03740873556,0.6,244.6,0.0,0.0,0.0,0.0,172381858.5316551,1.5187263488769532e-05
1723818585.3164444,0.0,0.0,0.0,0.0,6.0,64.0,13168.92935635793,13168.92935635793,0.0,0.0,0.0,0.0,0.0,0.0,0.0,0.0,0.0,0.0,0.0,0.0,0.0,0.0,1723818585.316399,1723818585.316399,1723818585.316399,1723818585.316399,0.0,0.0,0.0,0.0,0.0,0.0,0.0,0.0,0.0,0.0,0.0,0.0,0.0,0.0,0.0,1.0,1.0,8327.0,1514.0,1514.0,1514.0,0.0,1514.0,6.198883056640625e-06,5.5,546328.0,55.02726596879042,0.0,0.0,0.0,38.5,0.0,0.0,0.0,0.0,0.0,0.0
1723818585.31651,0.0,0.0,0.0,0.0,6.0,64.0,13168.92935635793,13168.92935635793,0.0,0.0,0.0,0.0,0.0,0.0,0.0,0.0,0.0,0.0,0.0,0.0,0.0,0.0,1723818585.316399,1723818585.316399,1723818585.316399,1723818585.316399,0.0,0.0,0.0,0.0,0.0,0.0,0.0,0.0,0.0,0.0,0.0,0.0,0.0,0.0,0.0,1.0,1.0,23467.0,1514.0,1514.0,1514.0,0.0,1514.0,172381858.53166062,13.5,546328.0,55.02726596879042,0.0,0.0,0.0,244.6,0.0,0.0,0.0,0.0,0.0,0.0
